﻿<?xml version="1.0" encoding="utf-8"?>
<abapGit version="v1.0.0" serializer="LCL_OBJECT_CLAS" serializer_version="v1.0.0">
 <asx:abap xmlns:asx="http://www.sap.com/abapxml" version="1.0">
  <asx:values>
   <VSEOCLASS>
    <CLSNAME>ZBP_R_GRC_PROPERTY</CLSNAME>
    <LANGU>E</LANGU>
    <DESCRIPT>Behavior Definition for ZR_GRC_PROPERTY</DESCRIPT>
    <CATEGORY>06</CATEGORY>
    <STATE>1</STATE>
    <CLSCCINCL>X</CLSCCINCL>
    <FIXPT>X</FIXPT>
    <UNICODE>X</UNICODE>
    <CLSDEFINT>ZR_GRC_PROPERTY</CLSDEFINT>
   </VSEOCLASS>
  </asx:values>
 </asx:abap>
</abapGit>
