﻿<?xml version="1.0" encoding="utf-8"?>
<abapGit version="v1.0.0" serializer="LCL_OBJECT_TABL" serializer_version="v1.0.0">
 <asx:abap xmlns:asx="http://www.sap.com/abapxml" version="1.0">
  <asx:values>
   <DD02V>
    <TABNAME>ZTGRC_PROP_LOG</TABNAME>
    <DDLANGUAGE>E</DDLANGUAGE>
    <TABCLASS>TRANSP</TABCLASS>
    <CLIDEP>X</CLIDEP>
    <DDTEXT>Property Change Log Table</DDTEXT>
    <MASTERLANG>E</MASTERLANG>
    <CONTFLAG>A</CONTFLAG>
    <EXCLASS>1</EXCLASS>
   </DD02V>
   <DD09L>
    <TABNAME>ZTGRC_PROP_LOG</TABNAME>
    <AS4LOCAL>A</AS4LOCAL>
    <TABKAT>0</TABKAT>
    <TABART>APPL0</TABART>
    <BUFALLOW>N</BUFALLOW>
   </DD09L>
   <DD03P_TABLE>
    <DD03P>
     <FIELDNAME>CLIENT</FIELDNAME>
     <KEYFLAG>X</KEYFLAG>
     <ADMINFIELD>0</ADMINFIELD>
     <INTTYPE>C</INTTYPE>
     <INTLEN>000006</INTLEN>
     <NOTNULL>X</NOTNULL>
     <DATATYPE>CLNT</DATATYPE>
     <LENG>000003</LENG>
     <MASK>  CLNT</MASK>
    </DD03P>
    <DD03P>
     <FIELDNAME>PROPERTY_NO</FIELDNAME>
     <KEYFLAG>X</KEYFLAG>
     <ROLLNAME>SYSUUID_X16</ROLLNAME>
     <CHECKTABLE>ZTGRC_PROPERTY</CHECKTABLE>
     <ADMINFIELD>0</ADMINFIELD>
     <NOTNULL>X</NOTNULL>
     <SHLPORIGIN>P</SHLPORIGIN>
     <COMPTYPE>E</COMPTYPE>
    </DD03P>
    <DD03P>
     <FIELDNAME>PROP_LOG_NO</FIELDNAME>
     <KEYFLAG>X</KEYFLAG>
     <ROLLNAME>SYSUUID_X16</ROLLNAME>
     <ADMINFIELD>0</ADMINFIELD>
     <NOTNULL>X</NOTNULL>
     <COMPTYPE>E</COMPTYPE>
    </DD03P>
    <DD03P>
     <FIELDNAME>CHANGE_DATE</FIELDNAME>
     <ROLLNAME>TIMESTAMPL</ROLLNAME>
     <ADMINFIELD>0</ADMINFIELD>
     <COMPTYPE>E</COMPTYPE>
    </DD03P>
    <DD03P>
     <FIELDNAME>VALUE_DATE</FIELDNAME>
     <ADMINFIELD>0</ADMINFIELD>
     <INTTYPE>D</INTTYPE>
     <INTLEN>000016</INTLEN>
     <DATATYPE>DATS</DATATYPE>
     <LENG>000008</LENG>
     <MASK>  DATS</MASK>
     <SHLPORIGIN>T</SHLPORIGIN>
    </DD03P>
    <DD03P>
     <FIELDNAME>BUILDING_VAL</FIELDNAME>
     <ADMINFIELD>0</ADMINFIELD>
     <INTTYPE>P</INTTYPE>
     <INTLEN>000010</INTLEN>
     <DATATYPE>DEC</DATATYPE>
     <LENG>000018</LENG>
     <MASK>  DEC</MASK>
    </DD03P>
    <DD03P>
     <FIELDNAME>EQUIPMENT_VAL</FIELDNAME>
     <ADMINFIELD>0</ADMINFIELD>
     <INTTYPE>P</INTTYPE>
     <INTLEN>000010</INTLEN>
     <DATATYPE>DEC</DATATYPE>
     <LENG>000018</LENG>
     <MASK>  DEC</MASK>
    </DD03P>
    <DD03P>
     <FIELDNAME>TENANTS_IMPROVEMENTS</FIELDNAME>
     <ADMINFIELD>0</ADMINFIELD>
     <INTTYPE>P</INTTYPE>
     <INTLEN>000010</INTLEN>
     <DATATYPE>DEC</DATATYPE>
     <LENG>000018</LENG>
     <MASK>  DEC</MASK>
    </DD03P>
    <DD03P>
     <FIELDNAME>BUSINESS_INTERPT_VAL</FIELDNAME>
     <ADMINFIELD>0</ADMINFIELD>
     <INTTYPE>P</INTTYPE>
     <INTLEN>000010</INTLEN>
     <DATATYPE>DEC</DATATYPE>
     <LENG>000018</LENG>
     <MASK>  DEC</MASK>
    </DD03P>
    <DD03P>
     <FIELDNAME>AVG_CARGO_VALUE</FIELDNAME>
     <ADMINFIELD>0</ADMINFIELD>
     <INTTYPE>P</INTTYPE>
     <INTLEN>000010</INTLEN>
     <DATATYPE>DEC</DATATYPE>
     <LENG>000018</LENG>
     <MASK>  DEC</MASK>
    </DD03P>
    <DD03P>
     <FIELDNAME>MAX_CARGO_VALUE</FIELDNAME>
     <ADMINFIELD>0</ADMINFIELD>
     <INTTYPE>P</INTTYPE>
     <INTLEN>000010</INTLEN>
     <DATATYPE>DEC</DATATYPE>
     <LENG>000018</LENG>
     <MASK>  DEC</MASK>
    </DD03P>
    <DD03P>
     <FIELDNAME>CREATEDBY</FIELDNAME>
     <ROLLNAME>ABP_CREATION_USER</ROLLNAME>
     <ADMINFIELD>0</ADMINFIELD>
     <COMPTYPE>E</COMPTYPE>
    </DD03P>
    <DD03P>
     <FIELDNAME>CREATEDAT</FIELDNAME>
     <ROLLNAME>ABP_CREATION_TSTMPL</ROLLNAME>
     <ADMINFIELD>0</ADMINFIELD>
     <COMPTYPE>E</COMPTYPE>
    </DD03P>
    <DD03P>
     <FIELDNAME>LASTCHANGEDBY</FIELDNAME>
     <ROLLNAME>ABP_LOCINST_LASTCHANGE_USER</ROLLNAME>
     <ADMINFIELD>0</ADMINFIELD>
     <COMPTYPE>E</COMPTYPE>
    </DD03P>
    <DD03P>
     <FIELDNAME>LASTCHANGEDAT</FIELDNAME>
     <ROLLNAME>ABP_LOCINST_LASTCHANGE_TSTMPL</ROLLNAME>
     <ADMINFIELD>0</ADMINFIELD>
     <COMPTYPE>E</COMPTYPE>
    </DD03P>
   </DD03P_TABLE>
   <DD05M_TABLE>
    <DD05M>
     <FIELDNAME>PROPERTY_NO</FIELDNAME>
     <FORTABLE>ZTGRC_PROP_LOG</FORTABLE>
     <FORKEY>CLIENT</FORKEY>
     <CHECKTABLE>ZTGRC_PROPERTY</CHECKTABLE>
     <CHECKFIELD>CLIENT</CHECKFIELD>
     <PRIMPOS>0001</PRIMPOS>
     <DATATYPE>CLNT</DATATYPE>
     <LENG>000003</LENG>
    </DD05M>
    <DD05M>
     <FIELDNAME>PROPERTY_NO</FIELDNAME>
     <FORTABLE>ZTGRC_PROP_LOG</FORTABLE>
     <FORKEY>PROPERTY_NO</FORKEY>
     <CHECKTABLE>ZTGRC_PROPERTY</CHECKTABLE>
     <CHECKFIELD>PROPERTY_NO</CHECKFIELD>
     <PRIMPOS>0002</PRIMPOS>
     <DOMNAME>SYSUUID_X16</DOMNAME>
     <DATATYPE>RAW</DATATYPE>
     <LENG>000016</LENG>
    </DD05M>
   </DD05M_TABLE>
   <DD08V_TABLE>
    <DD08V>
     <FIELDNAME>PROPERTY_NO</FIELDNAME>
     <CHECKTABLE>ZTGRC_PROPERTY</CHECKTABLE>
     <CARD>N</CARD>
     <CHECKFLAG>X</CHECKFLAG>
     <CARDLEFT>1</CARDLEFT>
    </DD08V>
   </DD08V_TABLE>
   <TABL_EXTRAS>
    <TDDAT>
     <TABNAME>ZTGRC_PROP_LOG</TABNAME>
     <CCLASS>CUS_DEV_SUP_DA</CCLASS>
    </TDDAT>
   </TABL_EXTRAS>
  </asx:values>
 </asx:abap>
</abapGit>
