﻿<?xml version="1.0" encoding="utf-8"?>
<abapGit version="v1.0.0" serializer="LCL_OBJECT_TABL" serializer_version="v1.0.0">
 <asx:abap xmlns:asx="http://www.sap.com/abapxml" version="1.0">
  <asx:values>
   <DD02V>
    <TABNAME>ZTGRC_POLICY</TABNAME>
    <DDLANGUAGE>E</DDLANGUAGE>
    <TABCLASS>TRANSP</TABCLASS>
    <CLIDEP>X</CLIDEP>
    <DDTEXT>Policy Table</DDTEXT>
    <MASTERLANG>E</MASTERLANG>
    <CONTFLAG>A</CONTFLAG>
    <EXCLASS>1</EXCLASS>
   </DD02V>
   <DD09L>
    <TABNAME>ZTGRC_POLICY</TABNAME>
    <AS4LOCAL>A</AS4LOCAL>
    <TABKAT>0</TABKAT>
    <TABART>APPL0</TABART>
    <BUFALLOW>N</BUFALLOW>
   </DD09L>
   <DD03P_TABLE>
    <DD03P>
     <FIELDNAME>CLIENT</FIELDNAME>
     <KEYFLAG>X</KEYFLAG>
     <ADMINFIELD>0</ADMINFIELD>
     <INTTYPE>C</INTTYPE>
     <INTLEN>000006</INTLEN>
     <NOTNULL>X</NOTNULL>
     <DATATYPE>CLNT</DATATYPE>
     <LENG>000003</LENG>
     <MASK>  CLNT</MASK>
    </DD03P>
    <DD03P>
     <FIELDNAME>POLICY_UUID</FIELDNAME>
     <KEYFLAG>X</KEYFLAG>
     <ROLLNAME>SYSUUID_X16</ROLLNAME>
     <ADMINFIELD>0</ADMINFIELD>
     <NOTNULL>X</NOTNULL>
     <COMPTYPE>E</COMPTYPE>
    </DD03P>
    <DD03P>
     <FIELDNAME>POLICY_NAME</FIELDNAME>
     <ROLLNAME>ZGRC_POLICY_NAME</ROLLNAME>
     <ADMINFIELD>0</ADMINFIELD>
     <NOTNULL>X</NOTNULL>
     <COMPTYPE>E</COMPTYPE>
    </DD03P>
    <DD03P>
     <FIELDNAME>BROKER</FIELDNAME>
     <ROLLNAME>ZGRC_LOOKUP</ROLLNAME>
     <ADMINFIELD>0</ADMINFIELD>
     <COMPTYPE>E</COMPTYPE>
    </DD03P>
    <DD03P>
     <FIELDNAME>BROKER_AMOUNT</FIELDNAME>
     <ROLLNAME>ZGRC_FORMULA_NUMBER</ROLLNAME>
     <ADMINFIELD>0</ADMINFIELD>
     <COMPTYPE>E</COMPTYPE>
    </DD03P>
    <DD03P>
     <FIELDNAME>BROKER_COMMISSION_PERCENT</FIELDNAME>
     <ADMINFIELD>0</ADMINFIELD>
     <INTTYPE>P</INTTYPE>
     <INTLEN>000002</INTLEN>
     <DATATYPE>DEC</DATATYPE>
     <LENG>000003</LENG>
     <MASK>  DEC</MASK>
    </DD03P>
    <DD03P>
     <FIELDNAME>BROKER_COMPENSATION_TYPE</FIELDNAME>
     <ROLLNAME>ZGRC_PICKLIST_NUMBERING</ROLLNAME>
     <ADMINFIELD>0</ADMINFIELD>
     <COMPTYPE>E</COMPTYPE>
    </DD03P>
    <DD03P>
     <FIELDNAME>BROKER_CONTACT_DETAILS</FIELDNAME>
     <ADMINFIELD>0</ADMINFIELD>
     <INTTYPE>g</INTTYPE>
     <INTLEN>000008</INTLEN>
     <DATATYPE>SSTR</DATATYPE>
     <LENG>000050</LENG>
     <MASK>  SSTR</MASK>
    </DD03P>
    <DD03P>
     <FIELDNAME>BROKER_FEE</FIELDNAME>
     <ADMINFIELD>0</ADMINFIELD>
     <INTTYPE>P</INTTYPE>
     <INTLEN>000006</INTLEN>
     <DATATYPE>DEC</DATATYPE>
     <LENG>000010</LENG>
     <MASK>  DEC</MASK>
    </DD03P>
    <DD03P>
     <FIELDNAME>CARRIER</FIELDNAME>
     <ROLLNAME>ZGRC_LOOKUP</ROLLNAME>
     <ADMINFIELD>0</ADMINFIELD>
     <COMPTYPE>E</COMPTYPE>
    </DD03P>
    <DD03P>
     <FIELDNAME>CARRIER_COVERAGE</FIELDNAME>
     <ADMINFIELD>0</ADMINFIELD>
     <INTTYPE>P</INTTYPE>
     <INTLEN>000004</INTLEN>
     <DATATYPE>DEC</DATATYPE>
     <LENG>000007</LENG>
     <DECIMALS>000004</DECIMALS>
     <MASK>  DEC</MASK>
    </DD03P>
    <DD03P>
     <FIELDNAME>COVERAGE_AREA</FIELDNAME>
     <ROLLNAME>ZGRC_PICKLIST_NUMBERING</ROLLNAME>
     <ADMINFIELD>0</ADMINFIELD>
     <COMPTYPE>E</COMPTYPE>
    </DD03P>
    <DD03P>
     <FIELDNAME>COVERAGE_AREA_DESC</FIELDNAME>
     <ADMINFIELD>0</ADMINFIELD>
     <INTTYPE>g</INTTYPE>
     <INTLEN>000008</INTLEN>
     <DATATYPE>SSTR</DATATYPE>
     <LENG>000255</LENG>
     <MASK>  SSTR</MASK>
    </DD03P>
    <DD03P>
     <FIELDNAME>COVERAGE_LINE</FIELDNAME>
     <ROLLNAME>ZGRC_PICKLIST_NUMBERING</ROLLNAME>
     <ADMINFIELD>0</ADMINFIELD>
     <COMPTYPE>E</COMPTYPE>
    </DD03P>
    <DD03P>
     <FIELDNAME>COVERAGE_MAJOR</FIELDNAME>
     <ROLLNAME>ZGRC_PICKLIST_NUMBERING</ROLLNAME>
     <ADMINFIELD>0</ADMINFIELD>
     <COMPTYPE>E</COMPTYPE>
    </DD03P>
    <DD03P>
     <FIELDNAME>COVERAGE_MINOR</FIELDNAME>
     <ROLLNAME>ZGRC_PICKLIST_NUMBERING</ROLLNAME>
     <ADMINFIELD>0</ADMINFIELD>
     <COMPTYPE>E</COMPTYPE>
    </DD03P>
    <DD03P>
     <FIELDNAME>CREATEDBYID</FIELDNAME>
     <ROLLNAME>ZGRC_LOOKUP</ROLLNAME>
     <ADMINFIELD>0</ADMINFIELD>
     <COMPTYPE>E</COMPTYPE>
    </DD03P>
    <DD03P>
     <FIELDNAME>CURRENCY_CODE</FIELDNAME>
     <ROLLNAME>ZGRC_PICKLIST_NUMBERING</ROLLNAME>
     <ADMINFIELD>0</ADMINFIELD>
     <COMPTYPE>E</COMPTYPE>
    </DD03P>
    <DD03P>
     <FIELDNAME>DATE_CANCELLED</FIELDNAME>
     <ADMINFIELD>0</ADMINFIELD>
     <INTTYPE>D</INTTYPE>
     <INTLEN>000016</INTLEN>
     <DATATYPE>DATS</DATATYPE>
     <LENG>000008</LENG>
     <MASK>  DATS</MASK>
     <SHLPORIGIN>T</SHLPORIGIN>
    </DD03P>
    <DD03P>
     <FIELDNAME>DATE_EXCESS_CARRIER_NOTIFIED</FIELDNAME>
     <ADMINFIELD>0</ADMINFIELD>
     <INTTYPE>D</INTTYPE>
     <INTLEN>000016</INTLEN>
     <DATATYPE>DATS</DATATYPE>
     <LENG>000008</LENG>
     <MASK>  DATS</MASK>
     <SHLPORIGIN>T</SHLPORIGIN>
    </DD03P>
    <DD03P>
     <FIELDNAME>DATE_POLICY_CANCELED</FIELDNAME>
     <ADMINFIELD>0</ADMINFIELD>
     <INTTYPE>D</INTTYPE>
     <INTLEN>000016</INTLEN>
     <DATATYPE>DATS</DATATYPE>
     <LENG>000008</LENG>
     <MASK>  DATS</MASK>
     <SHLPORIGIN>T</SHLPORIGIN>
    </DD03P>
    <DD03P>
     <FIELDNAME>EXCESS_POLICY</FIELDNAME>
     <ROLLNAME>ZGRC_LOOKUP</ROLLNAME>
     <ADMINFIELD>0</ADMINFIELD>
     <COMPTYPE>E</COMPTYPE>
    </DD03P>
    <DD03P>
     <FIELDNAME>EXCLUSIONS</FIELDNAME>
     <ADMINFIELD>0</ADMINFIELD>
     <INTTYPE>g</INTTYPE>
     <INTLEN>000008</INTLEN>
     <DATATYPE>SSTR</DATATYPE>
     <LENG>000030</LENG>
     <MASK>  SSTR</MASK>
    </DD03P>
    <DD03P>
     <FIELDNAME>DATE_POLICY_EXPIRATION</FIELDNAME>
     <ADMINFIELD>0</ADMINFIELD>
     <INTTYPE>D</INTTYPE>
     <INTLEN>000016</INTLEN>
     <DATATYPE>DATS</DATATYPE>
     <LENG>000008</LENG>
     <MASK>  DATS</MASK>
     <SHLPORIGIN>T</SHLPORIGIN>
    </DD03P>
    <DD03P>
     <FIELDNAME>FORM</FIELDNAME>
     <ROLLNAME>ZGRC_PICKLIST_NUMBERING</ROLLNAME>
     <ADMINFIELD>0</ADMINFIELD>
     <COMPTYPE>E</COMPTYPE>
    </DD03P>
    <DD03P>
     <FIELDNAME>FRONTING_INSURER</FIELDNAME>
     <ROLLNAME>ZGRC_PICKLIST_NUMBERING</ROLLNAME>
     <ADMINFIELD>0</ADMINFIELD>
     <COMPTYPE>E</COMPTYPE>
    </DD03P>
    <DD03P>
     <FIELDNAME>GROSS_GRM</FIELDNAME>
     <ADMINFIELD>0</ADMINFIELD>
     <INTTYPE>P</INTTYPE>
     <INTLEN>000006</INTLEN>
     <DATATYPE>DEC</DATATYPE>
     <LENG>000010</LENG>
     <DECIMALS>000002</DECIMALS>
     <MASK>  DEC</MASK>
    </DD03P>
    <DD03P>
     <FIELDNAME>GROSS_PREMIUM_PAID</FIELDNAME>
     <ROLLNAME>ZGRC_ROLLUP_SUM</ROLLNAME>
     <ADMINFIELD>0</ADMINFIELD>
     <COMPTYPE>E</COMPTYPE>
    </DD03P>
    <DD03P>
     <FIELDNAME>GROSS_REINSURANCE_PREMIUM_PAID</FIELDNAME>
     <ROLLNAME>ZGRC_ROLLUP_SUM</ROLLNAME>
     <ADMINFIELD>0</ADMINFIELD>
     <COMPTYPE>E</COMPTYPE>
    </DD03P>
    <DD03P>
     <FIELDNAME>GROSS_REINSURANCE_PREMIUM_REPO</FIELDNAME>
     <ROLLNAME>ZGRC_ROLLUP_SUM</ROLLNAME>
     <ADMINFIELD>0</ADMINFIELD>
     <COMPTYPE>E</COMPTYPE>
    </DD03P>
    <DD03P>
     <FIELDNAME>GROSS_WRITTEN_PREMIUM_RECEIVED</FIELDNAME>
     <ROLLNAME>ZGRC_ROLLUP_SUM</ROLLNAME>
     <ADMINFIELD>0</ADMINFIELD>
     <COMPTYPE>E</COMPTYPE>
    </DD03P>
    <DD03P>
     <FIELDNAME>GROSS_WRITTEN_PREMIUM_REPORTED</FIELDNAME>
     <ROLLNAME>ZGRC_ROLLUP_SUM</ROLLNAME>
     <ADMINFIELD>0</ADMINFIELD>
     <COMPTYPE>E</COMPTYPE>
    </DD03P>
    <DD03P>
     <FIELDNAME>HIERARCHY_LEVEL</FIELDNAME>
     <ROLLNAME>ZGRC_LOOKUP</ROLLNAME>
     <ADMINFIELD>0</ADMINFIELD>
     <COMPTYPE>E</COMPTYPE>
    </DD03P>
    <DD03P>
     <FIELDNAME>DATE_POLICY_EFFECTIVE</FIELDNAME>
     <ADMINFIELD>0</ADMINFIELD>
     <INTTYPE>D</INTTYPE>
     <INTLEN>000016</INTLEN>
     <DATATYPE>DATS</DATATYPE>
     <LENG>000008</LENG>
     <MASK>  DATS</MASK>
     <SHLPORIGIN>T</SHLPORIGIN>
    </DD03P>
    <DD03P>
     <FIELDNAME>USER_ID</FIELDNAME>
     <ROLLNAME>ZGRC_LOOKUP</ROLLNAME>
     <ADMINFIELD>0</ADMINFIELD>
     <COMPTYPE>E</COMPTYPE>
    </DD03P>
    <DD03P>
     <FIELDNAME>INSURED</FIELDNAME>
     <ROLLNAME>ZGRC_LOOKUP</ROLLNAME>
     <ADMINFIELD>0</ADMINFIELD>
     <COMPTYPE>E</COMPTYPE>
    </DD03P>
    <DD03P>
     <FIELDNAME>INSURER</FIELDNAME>
     <ROLLNAME>ZGRC_LOOKUP</ROLLNAME>
     <ADMINFIELD>0</ADMINFIELD>
     <COMPTYPE>E</COMPTYPE>
    </DD03P>
    <DD03P>
     <FIELDNAME>INSURER_CONTACT_DETAILS</FIELDNAME>
     <ADMINFIELD>0</ADMINFIELD>
     <INTTYPE>g</INTTYPE>
     <INTLEN>000008</INTLEN>
     <DATATYPE>SSTR</DATATYPE>
     <LENG>000050</LENG>
     <MASK>  SSTR</MASK>
    </DD03P>
    <DD03P>
     <FIELDNAME>LASTMODIFIEDBYID</FIELDNAME>
     <ROLLNAME>ZGRC_LOOKUP</ROLLNAME>
     <ADMINFIELD>0</ADMINFIELD>
     <COMPTYPE>E</COMPTYPE>
    </DD03P>
    <DD03P>
     <FIELDNAME>LAYER_NUMBER</FIELDNAME>
     <ADMINFIELD>0</ADMINFIELD>
     <INTTYPE>P</INTTYPE>
     <INTLEN>000002</INTLEN>
     <DATATYPE>DEC</DATATYPE>
     <LENG>000002</LENG>
     <MASK>  DEC</MASK>
    </DD03P>
    <DD03P>
     <FIELDNAME>LOCAL_POLICY_AUTONUM</FIELDNAME>
     <ROLLNAME>SYSUUID_X16</ROLLNAME>
     <ADMINFIELD>0</ADMINFIELD>
     <COMPTYPE>E</COMPTYPE>
    </DD03P>
    <DD03P>
     <FIELDNAME>MIAS_GROSS_PREMIUM</FIELDNAME>
     <ROLLNAME>ZGRC_FORMULA_CURR</ROLLNAME>
     <ADMINFIELD>0</ADMINFIELD>
     <COMPTYPE>E</COMPTYPE>
    </DD03P>
    <DD03P>
     <FIELDNAME>MIAS_NET_PREMIUM</FIELDNAME>
     <ROLLNAME>ZGRC_FORMULA_CURR</ROLLNAME>
     <ADMINFIELD>0</ADMINFIELD>
     <COMPTYPE>E</COMPTYPE>
    </DD03P>
    <DD03P>
     <FIELDNAME>MIAS_PROGRAM</FIELDNAME>
     <ROLLNAME>ZGRC_PICKLIST_NUMBERING</ROLLNAME>
     <ADMINFIELD>0</ADMINFIELD>
     <COMPTYPE>E</COMPTYPE>
    </DD03P>
    <DD03P>
     <FIELDNAME>MIAS_PROGRAM_DESCRIPTION</FIELDNAME>
     <ROLLNAME>ZGRC_PICKLIST_NUMBERING</ROLLNAME>
     <ADMINFIELD>0</ADMINFIELD>
     <COMPTYPE>E</COMPTYPE>
    </DD03P>
    <DD03P>
     <FIELDNAME>MIAS_R_I_Y_N</FIELDNAME>
     <ROLLNAME>ABAP_BOOLEAN</ROLLNAME>
     <ADMINFIELD>0</ADMINFIELD>
     <VALEXI>X</VALEXI>
     <SHLPORIGIN>F</SHLPORIGIN>
     <COMPTYPE>E</COMPTYPE>
    </DD03P>
    <DD03P>
     <FIELDNAME>R_I_PERCENT_1</FIELDNAME>
     <ADMINFIELD>0</ADMINFIELD>
     <INTTYPE>g</INTTYPE>
     <INTLEN>000008</INTLEN>
     <DATATYPE>SSTR</DATATYPE>
     <LENG>000255</LENG>
     <MASK>  SSTR</MASK>
    </DD03P>
    <DD03P>
     <FIELDNAME>NAMED_INSURED</FIELDNAME>
     <ADMINFIELD>0</ADMINFIELD>
     <INTTYPE>g</INTTYPE>
     <INTLEN>000008</INTLEN>
     <DATATYPE>SSTR</DATATYPE>
     <LENG>000255</LENG>
     <MASK>  SSTR</MASK>
    </DD03P>
    <DD03P>
     <FIELDNAME>NAMED_INSURED_ADDRESS</FIELDNAME>
     <ADMINFIELD>0</ADMINFIELD>
     <INTTYPE>g</INTTYPE>
     <INTLEN>000008</INTLEN>
     <DATATYPE>SSTR</DATATYPE>
     <LENG>000255</LENG>
     <MASK>  SSTR</MASK>
    </DD03P>
    <DD03P>
     <FIELDNAME>NET_GRM</FIELDNAME>
     <ADMINFIELD>0</ADMINFIELD>
     <INTTYPE>P</INTTYPE>
     <INTLEN>000006</INTLEN>
     <DATATYPE>DEC</DATATYPE>
     <LENG>000010</LENG>
     <DECIMALS>000002</DECIMALS>
     <MASK>  DEC</MASK>
    </DD03P>
    <DD03P>
     <FIELDNAME>NOTES</FIELDNAME>
     <ADMINFIELD>0</ADMINFIELD>
     <INTTYPE>g</INTTYPE>
     <INTLEN>000008</INTLEN>
     <DATATYPE>SSTR</DATATYPE>
     <LENG>000255</LENG>
     <MASK>  SSTR</MASK>
    </DD03P>
    <DD03P>
     <FIELDNAME>NOTIFY_EXCESS_CARRIER</FIELDNAME>
     <ROLLNAME>ABAP_BOOLEAN</ROLLNAME>
     <ADMINFIELD>0</ADMINFIELD>
     <VALEXI>X</VALEXI>
     <SHLPORIGIN>F</SHLPORIGIN>
     <COMPTYPE>E</COMPTYPE>
    </DD03P>
    <DD03P>
     <FIELDNAME>OWNERID</FIELDNAME>
     <ROLLNAME>ZGRC_LOOKUP</ROLLNAME>
     <ADMINFIELD>0</ADMINFIELD>
     <COMPTYPE>E</COMPTYPE>
    </DD03P>
    <DD03P>
     <FIELDNAME>PERCENT_REINSURED</FIELDNAME>
     <ROLLNAME>ZGRC_ROLLUP_SUM</ROLLNAME>
     <ADMINFIELD>0</ADMINFIELD>
     <COMPTYPE>E</COMPTYPE>
    </DD03P>
    <DD03P>
     <FIELDNAME>MIAS_PERCENTAGE</FIELDNAME>
     <ADMINFIELD>0</ADMINFIELD>
     <INTTYPE>P</INTTYPE>
     <INTLEN>000009</INTLEN>
     <DATATYPE>DEC</DATATYPE>
     <LENG>000016</LENG>
     <DECIMALS>000002</DECIMALS>
     <MASK>  DEC</MASK>
    </DD03P>
    <DD03P>
     <FIELDNAME>POLICY_AGGREGATE_LIMIT</FIELDNAME>
     <ADMINFIELD>0</ADMINFIELD>
     <INTTYPE>P</INTTYPE>
     <INTLEN>000010</INTLEN>
     <DATATYPE>DEC</DATATYPE>
     <LENG>000018</LENG>
     <MASK>  DEC</MASK>
    </DD03P>
    <DD03P>
     <FIELDNAME>POLICY_BASIS</FIELDNAME>
     <ROLLNAME>ZGRC_PICKLIST_NUMBERING</ROLLNAME>
     <ADMINFIELD>0</ADMINFIELD>
     <COMPTYPE>E</COMPTYPE>
    </DD03P>
    <DD03P>
     <FIELDNAME>POLICY_DESCRIPTION</FIELDNAME>
     <ROLLNAME>ZGRC_LONG_TXT_AREA</ROLLNAME>
     <ADMINFIELD>0</ADMINFIELD>
     <COMPTYPE>E</COMPTYPE>
    </DD03P>
    <DD03P>
     <FIELDNAME>POLICY_DOCUMENT</FIELDNAME>
     <ROLLNAME>ZGRC_RICH_TXT_AREA</ROLLNAME>
     <ADMINFIELD>0</ADMINFIELD>
     <COMPTYPE>E</COMPTYPE>
    </DD03P>
    <DD03P>
     <FIELDNAME>POLICY_NUMBER</FIELDNAME>
     <ADMINFIELD>0</ADMINFIELD>
     <INTTYPE>g</INTTYPE>
     <INTLEN>000008</INTLEN>
     <DATATYPE>SSTR</DATATYPE>
     <LENG>000080</LENG>
     <MASK>  SSTR</MASK>
    </DD03P>
    <DD03P>
     <FIELDNAME>POLICY_OCCURRENCE_LIMIT</FIELDNAME>
     <ADMINFIELD>0</ADMINFIELD>
     <INTTYPE>P</INTTYPE>
     <INTLEN>000010</INTLEN>
     <DATATYPE>DEC</DATATYPE>
     <LENG>000018</LENG>
     <MASK>  DEC</MASK>
    </DD03P>
    <DD03P>
     <FIELDNAME>POLICY_STATUS</FIELDNAME>
     <ROLLNAME>ZGRC_PICKLIST_NUMBERING</ROLLNAME>
     <ADMINFIELD>0</ADMINFIELD>
     <COMPTYPE>E</COMPTYPE>
    </DD03P>
    <DD03P>
     <FIELDNAME>POLICY_TYPE</FIELDNAME>
     <ROLLNAME>ZGRC_PICKLIST_NUMBERING</ROLLNAME>
     <ADMINFIELD>0</ADMINFIELD>
     <COMPTYPE>E</COMPTYPE>
    </DD03P>
    <DD03P>
     <FIELDNAME>POLICY_YEAR</FIELDNAME>
     <ROLLNAME>ZGRC_FORMULA_TEXT</ROLLNAME>
     <ADMINFIELD>0</ADMINFIELD>
     <COMPTYPE>E</COMPTYPE>
    </DD03P>
    <DD03P>
     <FIELDNAME>PREDECESSOR_POLICY</FIELDNAME>
     <ROLLNAME>ZGRC_LOOKUP</ROLLNAME>
     <ADMINFIELD>0</ADMINFIELD>
     <COMPTYPE>E</COMPTYPE>
    </DD03P>
    <DD03P>
     <FIELDNAME>PRIMARY_POLICY</FIELDNAME>
     <ROLLNAME>ABAP_BOOLEAN</ROLLNAME>
     <ADMINFIELD>0</ADMINFIELD>
     <VALEXI>X</VALEXI>
     <SHLPORIGIN>F</SHLPORIGIN>
     <COMPTYPE>E</COMPTYPE>
    </DD03P>
    <DD03P>
     <FIELDNAME>PRO_RATA_SHARE</FIELDNAME>
     <ADMINFIELD>0</ADMINFIELD>
     <INTTYPE>P</INTTYPE>
     <INTLEN>000003</INTLEN>
     <DATATYPE>DEC</DATATYPE>
     <LENG>000005</LENG>
     <DECIMALS>000002</DECIMALS>
     <MASK>  DEC</MASK>
    </DD03P>
    <DD03P>
     <FIELDNAME>PRO_RATE_PERIOD</FIELDNAME>
     <ROLLNAME>ZGRC_PICKLIST_NUMBERING</ROLLNAME>
     <ADMINFIELD>0</ADMINFIELD>
     <COMPTYPE>E</COMPTYPE>
    </DD03P>
    <DD03P>
     <FIELDNAME>PRODUCER</FIELDNAME>
     <ROLLNAME>ZGRC_LOOKUP</ROLLNAME>
     <ADMINFIELD>0</ADMINFIELD>
     <COMPTYPE>E</COMPTYPE>
    </DD03P>
    <DD03P>
     <FIELDNAME>PROGRAM_ID</FIELDNAME>
     <ROLLNAME>ZGRC_LOOKUP</ROLLNAME>
     <ADMINFIELD>0</ADMINFIELD>
     <COMPTYPE>E</COMPTYPE>
    </DD03P>
    <DD03P>
     <FIELDNAME>PROGRAM_YEAR</FIELDNAME>
     <ROLLNAME>ZGRC_FORMULA_TEXT</ROLLNAME>
     <ADMINFIELD>0</ADMINFIELD>
     <COMPTYPE>E</COMPTYPE>
    </DD03P>
    <DD03P>
     <FIELDNAME>PROGRAM_COMMENTS</FIELDNAME>
     <ADMINFIELD>0</ADMINFIELD>
     <INTTYPE>g</INTTYPE>
     <INTLEN>000008</INTLEN>
     <DATATYPE>SSTR</DATATYPE>
     <LENG>000255</LENG>
     <MASK>  SSTR</MASK>
    </DD03P>
    <DD03P>
     <FIELDNAME>RATING</FIELDNAME>
     <ROLLNAME>ZGRC_FORMULA_TEXT</ROLLNAME>
     <ADMINFIELD>0</ADMINFIELD>
     <COMPTYPE>E</COMPTYPE>
    </DD03P>
    <DD03P>
     <FIELDNAME>RECORDTYPEID</FIELDNAME>
     <ADMINFIELD>0</ADMINFIELD>
     <INTTYPE>g</INTTYPE>
     <INTLEN>000008</INTLEN>
     <DATATYPE>SSTR</DATATYPE>
     <LENG>000080</LENG>
     <MASK>  SSTR</MASK>
    </DD03P>
    <DD03P>
     <FIELDNAME>RENEWAL_POLICY</FIELDNAME>
     <ROLLNAME>ZGRC_LOOKUP</ROLLNAME>
     <ADMINFIELD>0</ADMINFIELD>
     <COMPTYPE>E</COMPTYPE>
    </DD03P>
    <DD03P>
     <FIELDNAME>RETENTION_AMOUNT</FIELDNAME>
     <ADMINFIELD>0</ADMINFIELD>
     <INTTYPE>P</INTTYPE>
     <INTLEN>000010</INTLEN>
     <DATATYPE>DEC</DATATYPE>
     <LENG>000018</LENG>
     <MASK>  DEC</MASK>
    </DD03P>
    <DD03P>
     <FIELDNAME>RETENTION_TYPE</FIELDNAME>
     <ROLLNAME>ZGRC_PICKLIST_NUMBERING</ROLLNAME>
     <ADMINFIELD>0</ADMINFIELD>
     <COMPTYPE>E</COMPTYPE>
    </DD03P>
    <DD03P>
     <FIELDNAME>SUBSIDIARY_OR_BUSINESS_UNIT</FIELDNAME>
     <ROLLNAME>ZGRC_LOOKUP</ROLLNAME>
     <ADMINFIELD>0</ADMINFIELD>
     <COMPTYPE>E</COMPTYPE>
    </DD03P>
    <DD03P>
     <FIELDNAME>SUCCESSOR_POLICY</FIELDNAME>
     <ROLLNAME>ZGRC_LOOKUP</ROLLNAME>
     <ADMINFIELD>0</ADMINFIELD>
     <COMPTYPE>E</COMPTYPE>
    </DD03P>
    <DD03P>
     <FIELDNAME>RK_PROCESS_STATUS</FIELDNAME>
     <ADMINFIELD>0</ADMINFIELD>
     <INTTYPE>g</INTTYPE>
     <INTLEN>000008</INTLEN>
     <DATATYPE>SSTR</DATATYPE>
     <LENG>000080</LENG>
     <MASK>  SSTR</MASK>
    </DD03P>
    <DD03P>
     <FIELDNAME>CREATEDBY</FIELDNAME>
     <ROLLNAME>ABP_CREATION_USER</ROLLNAME>
     <ADMINFIELD>0</ADMINFIELD>
     <COMPTYPE>E</COMPTYPE>
    </DD03P>
    <DD03P>
     <FIELDNAME>CREATEDAT</FIELDNAME>
     <ROLLNAME>ABP_CREATION_TSTMPL</ROLLNAME>
     <ADMINFIELD>0</ADMINFIELD>
     <COMPTYPE>E</COMPTYPE>
    </DD03P>
    <DD03P>
     <FIELDNAME>LASTCHANGEDBY</FIELDNAME>
     <ROLLNAME>ABP_LOCINST_LASTCHANGE_USER</ROLLNAME>
     <ADMINFIELD>0</ADMINFIELD>
     <COMPTYPE>E</COMPTYPE>
    </DD03P>
    <DD03P>
     <FIELDNAME>LASTCHANGEDAT</FIELDNAME>
     <ROLLNAME>ABP_LOCINST_LASTCHANGE_TSTMPL</ROLLNAME>
     <ADMINFIELD>0</ADMINFIELD>
     <COMPTYPE>E</COMPTYPE>
    </DD03P>
    <DD03P>
     <FIELDNAME>LOCALLASTCHANGEDAT</FIELDNAME>
     <ROLLNAME>ABP_LOCINST_LASTCHANGE_TSTMPL</ROLLNAME>
     <ADMINFIELD>0</ADMINFIELD>
     <COMPTYPE>E</COMPTYPE>
    </DD03P>
   </DD03P_TABLE>
   <TABL_EXTRAS>
    <TDDAT>
     <TABNAME>ZTGRC_POLICY</TABNAME>
     <CCLASS>CUS_DEV_SUP_DA</CCLASS>
    </TDDAT>
   </TABL_EXTRAS>
  </asx:values>
 </asx:abap>
</abapGit>
