﻿<?xml version="1.0" encoding="utf-8"?>
<abapGit version="v1.0.0" serializer="LCL_OBJECT_DOMA" serializer_version="v1.0.0">
 <asx:abap xmlns:asx="http://www.sap.com/abapxml" version="1.0">
  <asx:values>
   <DD01V>
    <DOMNAME>ZGRC_CLAIMTRN_TYPE</DOMNAME>
    <DDLANGUAGE>E</DDLANGUAGE>
    <DATATYPE>CHAR</DATATYPE>
    <LENG>000015</LENG>
    <OUTPUTLEN>000015</OUTPUTLEN>
    <VALEXI>X</VALEXI>
    <DDTEXT>Claim transaction type</DDTEXT>
    <DOMMASTER>E</DOMMASTER>
   </DD01V>
   <DD07V_TAB>
    <DD07V>
     <DOMNAME>ZGRC_CLAIMTRN_TYPE</DOMNAME>
     <VALPOS>0001</VALPOS>
     <DDLANGUAGE>E</DDLANGUAGE>
     <DOMVALUE_L>PAYMENT</DOMVALUE_L>
     <DDTEXT>Payment</DDTEXT>
    </DD07V>
    <DD07V>
     <DOMNAME>ZGRC_CLAIMTRN_TYPE</DOMNAME>
     <VALPOS>0002</VALPOS>
     <DDLANGUAGE>E</DDLANGUAGE>
     <DOMVALUE_L>RESERVE</DOMVALUE_L>
     <DDTEXT>Reserve</DDTEXT>
    </DD07V>
    <DD07V>
     <DOMNAME>ZGRC_CLAIMTRN_TYPE</DOMNAME>
     <VALPOS>0003</VALPOS>
     <DDLANGUAGE>E</DDLANGUAGE>
     <DOMVALUE_L>RECOVERY</DOMVALUE_L>
     <DDTEXT>Recovery</DDTEXT>
    </DD07V>
   </DD07V_TAB>
  </asx:values>
 </asx:abap>
</abapGit>
