﻿<?xml version="1.0" encoding="utf-8"?>
<abapGit version="v1.0.0" serializer="LCL_OBJECT_TABL" serializer_version="v1.0.0">
 <asx:abap xmlns:asx="http://www.sap.com/abapxml" version="1.0">
  <asx:values>
   <DD02V>
    <TABNAME>ZTGRC_CLAM_TR_D</TABNAME>
    <DDLANGUAGE>E</DDLANGUAGE>
    <TABCLASS>TRANSP</TABCLASS>
    <CLIDEP>X</CLIDEP>
    <LANGDEP>X</LANGDEP>
    <DDTEXT>Draft Database Table for ZTGRC_CLAM_TR_D</DDTEXT>
    <MASTERLANG>E</MASTERLANG>
    <CONTFLAG>A</CONTFLAG>
    <EXCLASS>4</EXCLASS>
   </DD02V>
   <DD09L>
    <TABNAME>ZTGRC_CLAM_TR_D</TABNAME>
    <AS4LOCAL>A</AS4LOCAL>
    <TABKAT>4</TABKAT>
    <TABART>APPL1</TABART>
    <BUFALLOW>N</BUFALLOW>
   </DD09L>
   <DD03P_TABLE>
    <DD03P>
     <FIELDNAME>MANDT</FIELDNAME>
     <KEYFLAG>X</KEYFLAG>
     <ROLLNAME>MANDT</ROLLNAME>
     <ADMINFIELD>0</ADMINFIELD>
     <NOTNULL>X</NOTNULL>
     <COMPTYPE>E</COMPTYPE>
    </DD03P>
    <DD03P>
     <FIELDNAME>CLAIMUUID</FIELDNAME>
     <KEYFLAG>X</KEYFLAG>
     <ROLLNAME>SYSUUID_X16</ROLLNAME>
     <ADMINFIELD>0</ADMINFIELD>
     <NOTNULL>X</NOTNULL>
     <COMPTYPE>E</COMPTYPE>
    </DD03P>
    <DD03P>
     <FIELDNAME>CLAIMTRNUUID</FIELDNAME>
     <KEYFLAG>X</KEYFLAG>
     <ROLLNAME>SYSUUID_X16</ROLLNAME>
     <ADMINFIELD>0</ADMINFIELD>
     <NOTNULL>X</NOTNULL>
     <COMPTYPE>E</COMPTYPE>
    </DD03P>
    <DD03P>
     <FIELDNAME>CLAIMTRNEXTERNALID</FIELDNAME>
     <ADMINFIELD>0</ADMINFIELD>
     <INTTYPE>g</INTTYPE>
     <INTLEN>000008</INTLEN>
     <DATATYPE>SSTR</DATATYPE>
     <LENG>000080</LENG>
     <MASK>  SSTR</MASK>
    </DD03P>
    <DD03P>
     <FIELDNAME>CLAIMTRNRECTYPE</FIELDNAME>
     <ROLLNAME>ZGRC_CLAIMTRN_TYPE</ROLLNAME>
     <ADMINFIELD>0</ADMINFIELD>
     <VALEXI>X</VALEXI>
     <SHLPORIGIN>F</SHLPORIGIN>
     <COMPTYPE>E</COMPTYPE>
    </DD03P>
    <DD03P>
     <FIELDNAME>ADJUSTMENT</FIELDNAME>
     <ROLLNAME>ABAP_BOOLEAN</ROLLNAME>
     <ADMINFIELD>0</ADMINFIELD>
     <VALEXI>X</VALEXI>
     <SHLPORIGIN>F</SHLPORIGIN>
     <COMPTYPE>E</COMPTYPE>
    </DD03P>
    <DD03P>
     <FIELDNAME>AMOUNT</FIELDNAME>
     <ADMINFIELD>0</ADMINFIELD>
     <INTTYPE>P</INTTYPE>
     <INTLEN>000007</INTLEN>
     <REFTABLE>ZTGRC_CLAM_TR_D</REFTABLE>
     <REFFIELD>CURRENCYCODE</REFFIELD>
     <DATATYPE>CURR</DATATYPE>
     <LENG>000012</LENG>
     <DECIMALS>000002</DECIMALS>
     <MASK>  CURR</MASK>
    </DD03P>
    <DD03P>
     <FIELDNAME>BANKACCOUNTNUMBER</FIELDNAME>
     <ADMINFIELD>0</ADMINFIELD>
     <INTTYPE>g</INTTYPE>
     <INTLEN>000008</INTLEN>
     <DATATYPE>SSTR</DATATYPE>
     <LENG>000030</LENG>
     <MASK>  SSTR</MASK>
    </DD03P>
    <DD03P>
     <FIELDNAME>CATEGORY</FIELDNAME>
     <ROLLNAME>ZGRC_PICKLIST_NUMBERING</ROLLNAME>
     <ADMINFIELD>0</ADMINFIELD>
     <COMPTYPE>E</COMPTYPE>
    </DD03P>
    <DD03P>
     <FIELDNAME>CHECKNUMBER</FIELDNAME>
     <ADMINFIELD>0</ADMINFIELD>
     <INTTYPE>g</INTTYPE>
     <INTLEN>000008</INTLEN>
     <DATATYPE>SSTR</DATATYPE>
     <LENG>000030</LENG>
     <MASK>  SSTR</MASK>
    </DD03P>
    <DD03P>
     <FIELDNAME>CHECKSTATUS</FIELDNAME>
     <ROLLNAME>ZGRC_PICKLIST_NUMBERING</ROLLNAME>
     <ADMINFIELD>0</ADMINFIELD>
     <COMPTYPE>E</COMPTYPE>
    </DD03P>
    <DD03P>
     <FIELDNAME>COVERAGEMAJOR</FIELDNAME>
     <ADMINFIELD>0</ADMINFIELD>
     <INTTYPE>g</INTTYPE>
     <INTLEN>000008</INTLEN>
     <DATATYPE>SSTR</DATATYPE>
     <LENG>000050</LENG>
     <MASK>  SSTR</MASK>
    </DD03P>
    <DD03P>
     <FIELDNAME>CURRENCYCODE</FIELDNAME>
     <ADMINFIELD>0</ADMINFIELD>
     <INTTYPE>C</INTTYPE>
     <INTLEN>000010</INTLEN>
     <DATATYPE>CUKY</DATATYPE>
     <LENG>000005</LENG>
     <MASK>  CUKY</MASK>
    </DD03P>
    <DD03P>
     <FIELDNAME>CURRENCYLOOKUP</FIELDNAME>
     <ROLLNAME>ZGRC_LOOKUP</ROLLNAME>
     <ADMINFIELD>0</ADMINFIELD>
     <COMPTYPE>E</COMPTYPE>
    </DD03P>
    <DD03P>
     <FIELDNAME>DATECHECKCLEARED</FIELDNAME>
     <ADMINFIELD>0</ADMINFIELD>
     <INTTYPE>D</INTTYPE>
     <INTLEN>000016</INTLEN>
     <DATATYPE>DATS</DATATYPE>
     <LENG>000008</LENG>
     <MASK>  DATS</MASK>
     <SHLPORIGIN>T</SHLPORIGIN>
    </DD03P>
    <DD03P>
     <FIELDNAME>DATECHECKISSUED</FIELDNAME>
     <ADMINFIELD>0</ADMINFIELD>
     <INTTYPE>D</INTTYPE>
     <INTLEN>000016</INTLEN>
     <DATATYPE>DATS</DATATYPE>
     <LENG>000008</LENG>
     <MASK>  DATS</MASK>
     <SHLPORIGIN>T</SHLPORIGIN>
    </DD03P>
    <DD03P>
     <FIELDNAME>DATECHECKSTATUS</FIELDNAME>
     <ADMINFIELD>0</ADMINFIELD>
     <INTTYPE>D</INTTYPE>
     <INTLEN>000016</INTLEN>
     <DATATYPE>DATS</DATATYPE>
     <LENG>000008</LENG>
     <MASK>  DATS</MASK>
     <SHLPORIGIN>T</SHLPORIGIN>
    </DD03P>
    <DD03P>
     <FIELDNAME>DATEOFINVOICE</FIELDNAME>
     <ADMINFIELD>0</ADMINFIELD>
     <INTTYPE>D</INTTYPE>
     <INTLEN>000016</INTLEN>
     <DATATYPE>DATS</DATATYPE>
     <LENG>000008</LENG>
     <MASK>  DATS</MASK>
     <SHLPORIGIN>T</SHLPORIGIN>
    </DD03P>
    <DD03P>
     <FIELDNAME>DATEPAYSERVICEBEGIN</FIELDNAME>
     <ADMINFIELD>0</ADMINFIELD>
     <INTTYPE>D</INTTYPE>
     <INTLEN>000016</INTLEN>
     <DATATYPE>DATS</DATATYPE>
     <LENG>000008</LENG>
     <MASK>  DATS</MASK>
     <SHLPORIGIN>T</SHLPORIGIN>
    </DD03P>
    <DD03P>
     <FIELDNAME>DATEPAYSERVICEEND</FIELDNAME>
     <ADMINFIELD>0</ADMINFIELD>
     <INTTYPE>D</INTTYPE>
     <INTLEN>000016</INTLEN>
     <DATATYPE>DATS</DATATYPE>
     <LENG>000008</LENG>
     <MASK>  DATS</MASK>
     <SHLPORIGIN>T</SHLPORIGIN>
    </DD03P>
    <DD03P>
     <FIELDNAME>DISABILITYCODE</FIELDNAME>
     <ADMINFIELD>0</ADMINFIELD>
     <INTTYPE>g</INTTYPE>
     <INTLEN>000008</INTLEN>
     <DATATYPE>SSTR</DATATYPE>
     <LENG>000003</LENG>
     <MASK>  SSTR</MASK>
    </DD03P>
    <DD03P>
     <FIELDNAME>EXPENSEPAID</FIELDNAME>
     <ROLLNAME>ZGRC_FORMULA_CURRENCY</ROLLNAME>
     <ADMINFIELD>0</ADMINFIELD>
     <COMPTYPE>E</COMPTYPE>
    </DD03P>
    <DD03P>
     <FIELDNAME>EXPENSEPAIDDELTA</FIELDNAME>
     <ADMINFIELD>0</ADMINFIELD>
     <INTTYPE>P</INTTYPE>
     <INTLEN>000005</INTLEN>
     <REFTABLE>ZTGRC_CLAM_TR_D</REFTABLE>
     <REFFIELD>CURRENCYCODE</REFFIELD>
     <DATATYPE>CURR</DATATYPE>
     <LENG>000009</LENG>
     <DECIMALS>000002</DECIMALS>
     <MASK>  CURR</MASK>
    </DD03P>
    <DD03P>
     <FIELDNAME>EXPENSERECOVERY</FIELDNAME>
     <ROLLNAME>ZGRC_FORMULA_CURRENCY</ROLLNAME>
     <ADMINFIELD>0</ADMINFIELD>
     <COMPTYPE>E</COMPTYPE>
    </DD03P>
    <DD03P>
     <FIELDNAME>EXPENSERECOVERYDELTA</FIELDNAME>
     <ADMINFIELD>0</ADMINFIELD>
     <INTTYPE>P</INTTYPE>
     <INTLEN>000005</INTLEN>
     <REFTABLE>ZTGRC_CLAM_TR_D</REFTABLE>
     <REFFIELD>CURRENCYCODE</REFFIELD>
     <DATATYPE>CURR</DATATYPE>
     <LENG>000009</LENG>
     <DECIMALS>000002</DECIMALS>
     <MASK>  CURR</MASK>
    </DD03P>
    <DD03P>
     <FIELDNAME>EXPENSERESERVEDELTA</FIELDNAME>
     <ADMINFIELD>0</ADMINFIELD>
     <INTTYPE>P</INTTYPE>
     <INTLEN>000005</INTLEN>
     <REFTABLE>ZTGRC_CLAM_TR_D</REFTABLE>
     <REFFIELD>CURRENCYCODE</REFFIELD>
     <DATATYPE>CURR</DATATYPE>
     <LENG>000009</LENG>
     <DECIMALS>000002</DECIMALS>
     <MASK>  CURR</MASK>
    </DD03P>
    <DD03P>
     <FIELDNAME>EXPENSERESERVE</FIELDNAME>
     <ROLLNAME>ZGRC_FORMULA_CURRENCY</ROLLNAME>
     <ADMINFIELD>0</ADMINFIELD>
     <COMPTYPE>E</COMPTYPE>
    </DD03P>
    <DD03P>
     <FIELDNAME>INDEMNITYPDPAID</FIELDNAME>
     <ROLLNAME>ZGRC_FORMULA_CURRENCY</ROLLNAME>
     <ADMINFIELD>0</ADMINFIELD>
     <COMPTYPE>E</COMPTYPE>
    </DD03P>
    <DD03P>
     <FIELDNAME>INDEMNITYPDPAIDDELTA</FIELDNAME>
     <ADMINFIELD>0</ADMINFIELD>
     <INTTYPE>P</INTTYPE>
     <INTLEN>000005</INTLEN>
     <REFTABLE>ZTGRC_CLAM_TR_D</REFTABLE>
     <REFFIELD>CURRENCYCODE</REFFIELD>
     <DATATYPE>CURR</DATATYPE>
     <LENG>000009</LENG>
     <DECIMALS>000002</DECIMALS>
     <MASK>  CURR</MASK>
    </DD03P>
    <DD03P>
     <FIELDNAME>INDEMNITYPDRECOVERY</FIELDNAME>
     <ROLLNAME>ZGRC_FORMULA_CURRENCY</ROLLNAME>
     <ADMINFIELD>0</ADMINFIELD>
     <COMPTYPE>E</COMPTYPE>
    </DD03P>
    <DD03P>
     <FIELDNAME>INDEMNITYPDRECOVERYDELTA</FIELDNAME>
     <ADMINFIELD>0</ADMINFIELD>
     <INTTYPE>P</INTTYPE>
     <INTLEN>000005</INTLEN>
     <REFTABLE>ZTGRC_CLAM_TR_D</REFTABLE>
     <REFFIELD>CURRENCYCODE</REFFIELD>
     <DATATYPE>CURR</DATATYPE>
     <LENG>000009</LENG>
     <DECIMALS>000002</DECIMALS>
     <MASK>  CURR</MASK>
    </DD03P>
    <DD03P>
     <FIELDNAME>INDEMNITYPDRESERVE</FIELDNAME>
     <ROLLNAME>ZGRC_FORMULA_CURRENCY</ROLLNAME>
     <ADMINFIELD>0</ADMINFIELD>
     <COMPTYPE>E</COMPTYPE>
    </DD03P>
    <DD03P>
     <FIELDNAME>INDEMNITYPDRESERVEDELTA</FIELDNAME>
     <ADMINFIELD>0</ADMINFIELD>
     <INTTYPE>P</INTTYPE>
     <INTLEN>000005</INTLEN>
     <REFTABLE>ZTGRC_CLAM_TR_D</REFTABLE>
     <REFFIELD>CURRENCYCODE</REFFIELD>
     <DATATYPE>CURR</DATATYPE>
     <LENG>000009</LENG>
     <DECIMALS>000002</DECIMALS>
     <MASK>  CURR</MASK>
    </DD03P>
    <DD03P>
     <FIELDNAME>INVOICEAMOUNT</FIELDNAME>
     <ADMINFIELD>0</ADMINFIELD>
     <INTTYPE>P</INTTYPE>
     <INTLEN>000005</INTLEN>
     <REFTABLE>ZTGRC_CLAM_TR_D</REFTABLE>
     <REFFIELD>CURRENCYCODE</REFFIELD>
     <DATATYPE>CURR</DATATYPE>
     <LENG>000009</LENG>
     <DECIMALS>000002</DECIMALS>
     <MASK>  CURR</MASK>
    </DD03P>
    <DD03P>
     <FIELDNAME>INVOICENUMBER</FIELDNAME>
     <ADMINFIELD>0</ADMINFIELD>
     <INTTYPE>g</INTTYPE>
     <INTLEN>000008</INTLEN>
     <DATATYPE>SSTR</DATATYPE>
     <LENG>000030</LENG>
     <MASK>  SSTR</MASK>
    </DD03P>
    <DD03P>
     <FIELDNAME>MEDICALBIPAID</FIELDNAME>
     <ROLLNAME>ZGRC_FORMULA_CURRENCY</ROLLNAME>
     <ADMINFIELD>0</ADMINFIELD>
     <COMPTYPE>E</COMPTYPE>
    </DD03P>
    <DD03P>
     <FIELDNAME>MEDICALBIPAIDDELTA</FIELDNAME>
     <ADMINFIELD>0</ADMINFIELD>
     <INTTYPE>P</INTTYPE>
     <INTLEN>000005</INTLEN>
     <REFTABLE>ZTGRC_CLAM_TR_D</REFTABLE>
     <REFFIELD>CURRENCYCODE</REFFIELD>
     <DATATYPE>CURR</DATATYPE>
     <LENG>000009</LENG>
     <DECIMALS>000002</DECIMALS>
     <MASK>  CURR</MASK>
    </DD03P>
    <DD03P>
     <FIELDNAME>MEDICALBIRECOVERY</FIELDNAME>
     <ROLLNAME>ZGRC_FORMULA_CURRENCY</ROLLNAME>
     <ADMINFIELD>0</ADMINFIELD>
     <COMPTYPE>E</COMPTYPE>
    </DD03P>
    <DD03P>
     <FIELDNAME>MEDICALBIRECOVERYDELTA</FIELDNAME>
     <ADMINFIELD>0</ADMINFIELD>
     <INTTYPE>P</INTTYPE>
     <INTLEN>000005</INTLEN>
     <REFTABLE>ZTGRC_CLAM_TR_D</REFTABLE>
     <REFFIELD>CURRENCYCODE</REFFIELD>
     <DATATYPE>CURR</DATATYPE>
     <LENG>000009</LENG>
     <DECIMALS>000002</DECIMALS>
     <MASK>  CURR</MASK>
    </DD03P>
    <DD03P>
     <FIELDNAME>MEDICALBIRESERVEDELTA</FIELDNAME>
     <ADMINFIELD>0</ADMINFIELD>
     <INTTYPE>P</INTTYPE>
     <INTLEN>000005</INTLEN>
     <REFTABLE>ZTGRC_CLAM_TR_D</REFTABLE>
     <REFFIELD>CURRENCYCODE</REFFIELD>
     <DATATYPE>CURR</DATATYPE>
     <LENG>000009</LENG>
     <DECIMALS>000002</DECIMALS>
     <MASK>  CURR</MASK>
    </DD03P>
    <DD03P>
     <FIELDNAME>MEDICALBIRESERVE</FIELDNAME>
     <ROLLNAME>ZGRC_FORMULA_CURRENCY</ROLLNAME>
     <ADMINFIELD>0</ADMINFIELD>
     <COMPTYPE>E</COMPTYPE>
    </DD03P>
    <DD03P>
     <FIELDNAME>PAYCOMMENT</FIELDNAME>
     <ADMINFIELD>0</ADMINFIELD>
     <INTTYPE>g</INTTYPE>
     <INTLEN>000008</INTLEN>
     <DATATYPE>SSTR</DATATYPE>
     <LENG>000255</LENG>
     <MASK>  SSTR</MASK>
    </DD03P>
    <DD03P>
     <FIELDNAME>PAYEELOOKUP</FIELDNAME>
     <ROLLNAME>ZGRC_LOOKUP</ROLLNAME>
     <ADMINFIELD>0</ADMINFIELD>
     <COMPTYPE>E</COMPTYPE>
    </DD03P>
    <DD03P>
     <FIELDNAME>PAYEEADDRESSLINE2</FIELDNAME>
     <ROLLNAME>ZGRC_FORMULA_TEXT</ROLLNAME>
     <ADMINFIELD>0</ADMINFIELD>
     <COMPTYPE>E</COMPTYPE>
    </DD03P>
    <DD03P>
     <FIELDNAME>PAYEEADDRESSLINE1</FIELDNAME>
     <ROLLNAME>ZGRC_FORMULA_TEXT</ROLLNAME>
     <ADMINFIELD>0</ADMINFIELD>
     <COMPTYPE>E</COMPTYPE>
    </DD03P>
    <DD03P>
     <FIELDNAME>PAYEECITY</FIELDNAME>
     <ROLLNAME>ZGRC_FORMULA_TEXT</ROLLNAME>
     <ADMINFIELD>0</ADMINFIELD>
     <COMPTYPE>E</COMPTYPE>
    </DD03P>
    <DD03P>
     <FIELDNAME>PAYEECONTACT</FIELDNAME>
     <ROLLNAME>ZGRC_FORMULA_TEXT</ROLLNAME>
     <ADMINFIELD>0</ADMINFIELD>
     <COMPTYPE>E</COMPTYPE>
    </DD03P>
    <DD03P>
     <FIELDNAME>PAYEECOUNTRY</FIELDNAME>
     <ROLLNAME>ZGRC_FORMULA_TEXT</ROLLNAME>
     <ADMINFIELD>0</ADMINFIELD>
     <COMPTYPE>E</COMPTYPE>
    </DD03P>
    <DD03P>
     <FIELDNAME>PAYEE</FIELDNAME>
     <ADMINFIELD>0</ADMINFIELD>
     <INTTYPE>g</INTTYPE>
     <INTLEN>000008</INTLEN>
     <DATATYPE>SSTR</DATATYPE>
     <LENG>000150</LENG>
     <MASK>  SSTR</MASK>
    </DD03P>
    <DD03P>
     <FIELDNAME>PAYEEPOSTALCODE</FIELDNAME>
     <ROLLNAME>ZGRC_FORMULA_TEXT</ROLLNAME>
     <ADMINFIELD>0</ADMINFIELD>
     <COMPTYPE>E</COMPTYPE>
    </DD03P>
    <DD03P>
     <FIELDNAME>PAYEESTATE</FIELDNAME>
     <ROLLNAME>ZGRC_FORMULA_TEXT</ROLLNAME>
     <ADMINFIELD>0</ADMINFIELD>
     <COMPTYPE>E</COMPTYPE>
    </DD03P>
    <DD03P>
     <FIELDNAME>PAYEETYPE</FIELDNAME>
     <ROLLNAME>ZGRC_PICKLIST_NUMBERING</ROLLNAME>
     <ADMINFIELD>0</ADMINFIELD>
     <COMPTYPE>E</COMPTYPE>
    </DD03P>
    <DD03P>
     <FIELDNAME>PAYMENTSTATUS</FIELDNAME>
     <ROLLNAME>ZGRC_PICKLIST_NUMBERING</ROLLNAME>
     <ADMINFIELD>0</ADMINFIELD>
     <COMPTYPE>E</COMPTYPE>
    </DD03P>
    <DD03P>
     <FIELDNAME>QUICKLOAD</FIELDNAME>
     <ROLLNAME>ABAP_BOOLEAN</ROLLNAME>
     <ADMINFIELD>0</ADMINFIELD>
     <VALEXI>X</VALEXI>
     <SHLPORIGIN>F</SHLPORIGIN>
     <COMPTYPE>E</COMPTYPE>
    </DD03P>
    <DD03P>
     <FIELDNAME>RECOVERYRECEIVEDOTHER2</FIELDNAME>
     <ROLLNAME>ZGRC_FORMULA_NUMBER</ROLLNAME>
     <ADMINFIELD>0</ADMINFIELD>
     <COMPTYPE>E</COMPTYPE>
    </DD03P>
    <DD03P>
     <FIELDNAME>RECOVERYRECEIVEDOTHER2DELTA</FIELDNAME>
     <ADMINFIELD>0</ADMINFIELD>
     <INTTYPE>P</INTTYPE>
     <INTLEN>000009</INTLEN>
     <REFTABLE>ZTGRC_CLAM_TR_D</REFTABLE>
     <REFFIELD>CURRENCYCODE</REFFIELD>
     <DATATYPE>CURR</DATATYPE>
     <LENG>000016</LENG>
     <DECIMALS>000002</DECIMALS>
     <MASK>  CURR</MASK>
    </DD03P>
    <DD03P>
     <FIELDNAME>RECOVERYRECEIVEDOTHER</FIELDNAME>
     <ROLLNAME>ZGRC_FORMULA_CURRENCY</ROLLNAME>
     <ADMINFIELD>0</ADMINFIELD>
     <COMPTYPE>E</COMPTYPE>
    </DD03P>
    <DD03P>
     <FIELDNAME>RECOVERYRECEIVEDOTHERDELTA</FIELDNAME>
     <ADMINFIELD>0</ADMINFIELD>
     <INTTYPE>P</INTTYPE>
     <INTLEN>000006</INTLEN>
     <REFTABLE>ZTGRC_CLAM_TR_D</REFTABLE>
     <REFFIELD>CURRENCYCODE</REFFIELD>
     <DATATYPE>CURR</DATATYPE>
     <LENG>000010</LENG>
     <DECIMALS>000002</DECIMALS>
     <MASK>  CURR</MASK>
    </DD03P>
    <DD03P>
     <FIELDNAME>TAXID</FIELDNAME>
     <ADMINFIELD>0</ADMINFIELD>
     <INTTYPE>g</INTTYPE>
     <INTLEN>000008</INTLEN>
     <DATATYPE>SSTR</DATATYPE>
     <LENG>000011</LENG>
     <MASK>  SSTR</MASK>
    </DD03P>
    <DD03P>
     <FIELDNAME>TOTALRESERVE</FIELDNAME>
     <ROLLNAME>ZGRC_FORMULA_CURRENCY</ROLLNAME>
     <ADMINFIELD>0</ADMINFIELD>
     <COMPTYPE>E</COMPTYPE>
    </DD03P>
    <DD03P>
     <FIELDNAME>TRANKEY</FIELDNAME>
     <ADMINFIELD>0</ADMINFIELD>
     <INTTYPE>g</INTTYPE>
     <INTLEN>000008</INTLEN>
     <DATATYPE>SSTR</DATATYPE>
     <LENG>000255</LENG>
     <MASK>  SSTR</MASK>
    </DD03P>
    <DD03P>
     <FIELDNAME>TRANSACTIONCODE</FIELDNAME>
     <ROLLNAME>ZGRC_PICKLIST_NUMBERING</ROLLNAME>
     <ADMINFIELD>0</ADMINFIELD>
     <COMPTYPE>E</COMPTYPE>
    </DD03P>
    <DD03P>
     <FIELDNAME>TRANSACTIONDATE</FIELDNAME>
     <ADMINFIELD>0</ADMINFIELD>
     <INTTYPE>D</INTTYPE>
     <INTLEN>000016</INTLEN>
     <DATATYPE>DATS</DATATYPE>
     <LENG>000008</LENG>
     <MASK>  DATS</MASK>
     <SHLPORIGIN>T</SHLPORIGIN>
    </DD03P>
    <DD03P>
     <FIELDNAME>TRANSACTIONSEQUENCE</FIELDNAME>
     <ADMINFIELD>0</ADMINFIELD>
     <INTTYPE>g</INTTYPE>
     <INTLEN>000008</INTLEN>
     <DATATYPE>SSTR</DATATYPE>
     <LENG>000030</LENG>
     <MASK>  SSTR</MASK>
    </DD03P>
    <DD03P>
     <FIELDNAME>TRANSACTIONSTATUS</FIELDNAME>
     <ROLLNAME>ZGRC_PICKLIST_NUMBERING</ROLLNAME>
     <ADMINFIELD>0</ADMINFIELD>
     <COMPTYPE>E</COMPTYPE>
    </DD03P>
    <DD03P>
     <FIELDNAME>TYPE</FIELDNAME>
     <ROLLNAME>ZGRC_PICKLIST_NUMBERING</ROLLNAME>
     <ADMINFIELD>0</ADMINFIELD>
     <COMPTYPE>E</COMPTYPE>
    </DD03P>
    <DD03P>
     <FIELDNAME>CREATEDBY</FIELDNAME>
     <ROLLNAME>ABP_CREATION_USER</ROLLNAME>
     <ADMINFIELD>0</ADMINFIELD>
     <COMPTYPE>E</COMPTYPE>
    </DD03P>
    <DD03P>
     <FIELDNAME>CREATEDAT</FIELDNAME>
     <ROLLNAME>ABP_CREATION_TSTMPL</ROLLNAME>
     <ADMINFIELD>0</ADMINFIELD>
     <COMPTYPE>E</COMPTYPE>
    </DD03P>
    <DD03P>
     <FIELDNAME>LASTCHANGEDBY</FIELDNAME>
     <ROLLNAME>ABP_LOCINST_LASTCHANGE_USER</ROLLNAME>
     <ADMINFIELD>0</ADMINFIELD>
     <COMPTYPE>E</COMPTYPE>
    </DD03P>
    <DD03P>
     <FIELDNAME>LASTCHANGEDAT</FIELDNAME>
     <ROLLNAME>ABP_LOCINST_LASTCHANGE_TSTMPL</ROLLNAME>
     <ADMINFIELD>0</ADMINFIELD>
     <COMPTYPE>E</COMPTYPE>
    </DD03P>
    <DD03P>
     <FIELDNAME>.INCLUDE</FIELDNAME>
     <ADMINFIELD>0</ADMINFIELD>
     <PRECFIELD>SYCH_BDL_DRAFT_ADMIN_INC</PRECFIELD>
     <MASK>      S</MASK>
     <DDTEXT>Standard Include for Draft Administration (BDL Syntax Check)</DDTEXT>
     <COMPTYPE>S</COMPTYPE>
     <GROUPNAME>%ADMIN</GROUPNAME>
    </DD03P>
   </DD03P_TABLE>
   <TABL_EXTRAS>
    <TDDAT>
     <TABNAME>ZTGRC_CLAM_TR_D</TABNAME>
     <CCLASS>CUS_DEV_SUP_DA</CCLASS>
    </TDDAT>
   </TABL_EXTRAS>
  </asx:values>
 </asx:abap>
</abapGit>
