﻿<?xml version="1.0" encoding="utf-8"?>
<abapGit version="v1.0.0" serializer="LCL_OBJECT_TABL" serializer_version="v1.0.0">
 <asx:abap xmlns:asx="http://www.sap.com/abapxml" version="1.0">
  <asx:values>
   <DD02V>
    <TABNAME>ZTGRC_SCR_C000_D</TABNAME>
    <DDLANGUAGE>E</DDLANGUAGE>
    <TABCLASS>TRANSP</TABCLASS>
    <CLIDEP>X</CLIDEP>
    <LANGDEP>X</LANGDEP>
    <DDTEXT>Draft Database Table for ZTGRC_SCR_C000_D</DDTEXT>
    <MASTERLANG>E</MASTERLANG>
    <CONTFLAG>A</CONTFLAG>
    <EXCLASS>4</EXCLASS>
   </DD02V>
   <DD09L>
    <TABNAME>ZTGRC_SCR_C000_D</TABNAME>
    <AS4LOCAL>A</AS4LOCAL>
    <TABKAT>4</TABKAT>
    <TABART>APPL1</TABART>
    <BUFALLOW>N</BUFALLOW>
   </DD09L>
   <DD03P_TABLE>
    <DD03P>
     <FIELDNAME>MANDT</FIELDNAME>
     <KEYFLAG>X</KEYFLAG>
     <ROLLNAME>MANDT</ROLLNAME>
     <ADMINFIELD>0</ADMINFIELD>
     <NOTNULL>X</NOTNULL>
     <COMPTYPE>E</COMPTYPE>
    </DD03P>
    <DD03P>
     <FIELDNAME>ENDUSER</FIELDNAME>
     <KEYFLAG>X</KEYFLAG>
     <ROLLNAME>SYUNAME</ROLLNAME>
     <ADMINFIELD>0</ADMINFIELD>
     <NOTNULL>X</NOTNULL>
     <COMPTYPE>E</COMPTYPE>
    </DD03P>
    <DD03P>
     <FIELDNAME>FILEID</FIELDNAME>
     <KEYFLAG>X</KEYFLAG>
     <ROLLNAME>SYSUUID_X16</ROLLNAME>
     <ADMINFIELD>0</ADMINFIELD>
     <NOTNULL>X</NOTNULL>
     <COMPTYPE>E</COMPTYPE>
    </DD03P>
    <DD03P>
     <FIELDNAME>LINEID</FIELDNAME>
     <KEYFLAG>X</KEYFLAG>
     <ROLLNAME>SYSUUID_X16</ROLLNAME>
     <ADMINFIELD>0</ADMINFIELD>
     <NOTNULL>X</NOTNULL>
     <COMPTYPE>E</COMPTYPE>
    </DD03P>
    <DD03P>
     <FIELDNAME>LINENUM</FIELDNAME>
     <KEYFLAG>X</KEYFLAG>
     <ADMINFIELD>0</ADMINFIELD>
     <INTTYPE>N</INTTYPE>
     <INTLEN>000020</INTLEN>
     <NOTNULL>X</NOTNULL>
     <DATATYPE>NUMC</DATATYPE>
     <LENG>000010</LENG>
     <MASK>  NUMC</MASK>
    </DD03P>
    <DD03P>
     <FIELDNAME>APPLICATION</FIELDNAME>
     <ADMINFIELD>0</ADMINFIELD>
     <INTTYPE>g</INTTYPE>
     <INTLEN>000008</INTLEN>
     <DATATYPE>SSTR</DATATYPE>
     <LENG>000020</LENG>
     <MASK>  SSTR</MASK>
    </DD03P>
    <DD03P>
     <FIELDNAME>RECORDTYPE</FIELDNAME>
     <ROLLNAME>ZGRC_PICKLIST_NUMBERING</ROLLNAME>
     <ADMINFIELD>0</ADMINFIELD>
     <COMPTYPE>E</COMPTYPE>
    </DD03P>
    <DD03P>
     <FIELDNAME>RECORDTYPEDESC</FIELDNAME>
     <ADMINFIELD>0</ADMINFIELD>
     <INTTYPE>g</INTTYPE>
     <INTLEN>000008</INTLEN>
     <DATATYPE>SSTR</DATATYPE>
     <LENG>000080</LENG>
     <MASK>  SSTR</MASK>
    </DD03P>
    <DD03P>
     <FIELDNAME>FIELDNAME</FIELDNAME>
     <ADMINFIELD>0</ADMINFIELD>
     <INTTYPE>g</INTTYPE>
     <INTLEN>000008</INTLEN>
     <DATATYPE>SSTR</DATATYPE>
     <LENG>000040</LENG>
     <MASK>  SSTR</MASK>
    </DD03P>
    <DD03P>
     <FIELDNAME>CONTROL</FIELDNAME>
     <ROLLNAME>ZGRC_FIELD_CONTROL</ROLLNAME>
     <ADMINFIELD>0</ADMINFIELD>
     <VALEXI>X</VALEXI>
     <SHLPORIGIN>F</SHLPORIGIN>
     <COMPTYPE>E</COMPTYPE>
    </DD03P>
    <DD03P>
     <FIELDNAME>CREATEDBY</FIELDNAME>
     <ROLLNAME>ABP_CREATION_USER</ROLLNAME>
     <ADMINFIELD>0</ADMINFIELD>
     <COMPTYPE>E</COMPTYPE>
    </DD03P>
    <DD03P>
     <FIELDNAME>CREATEDAT</FIELDNAME>
     <ROLLNAME>ABP_CREATION_TSTMPL</ROLLNAME>
     <ADMINFIELD>0</ADMINFIELD>
     <COMPTYPE>E</COMPTYPE>
    </DD03P>
    <DD03P>
     <FIELDNAME>LASTCHANGEDBY</FIELDNAME>
     <ROLLNAME>ABP_LOCINST_LASTCHANGE_USER</ROLLNAME>
     <ADMINFIELD>0</ADMINFIELD>
     <COMPTYPE>E</COMPTYPE>
    </DD03P>
    <DD03P>
     <FIELDNAME>LASTCHANGEDAT</FIELDNAME>
     <ROLLNAME>ABP_LOCINST_LASTCHANGE_TSTMPL</ROLLNAME>
     <ADMINFIELD>0</ADMINFIELD>
     <COMPTYPE>E</COMPTYPE>
    </DD03P>
    <DD03P>
     <FIELDNAME>.INCLUDE</FIELDNAME>
     <ADMINFIELD>0</ADMINFIELD>
     <PRECFIELD>SYCH_BDL_DRAFT_ADMIN_INC</PRECFIELD>
     <MASK>      S</MASK>
     <DDTEXT>Standard Include for Draft Administration (BDL Syntax Check)</DDTEXT>
     <COMPTYPE>S</COMPTYPE>
     <GROUPNAME>%ADMIN</GROUPNAME>
    </DD03P>
   </DD03P_TABLE>
   <TABL_EXTRAS>
    <TDDAT>
     <TABNAME>ZTGRC_SCR_C000_D</TABNAME>
     <CCLASS>CUS_DEV_SUP_DA</CCLASS>
    </TDDAT>
   </TABL_EXTRAS>
  </asx:values>
 </asx:abap>
</abapGit>
