﻿<?xml version="1.0" encoding="utf-8"?>
<abapGit version="v1.0.0" serializer="LCL_OBJECT_NROB" serializer_version="v1.0.0">
 <asx:abap xmlns:asx="http://www.sap.com/abapxml" version="1.0">
  <asx:values>
   <ATTRIBUTES>
    <OBJECT>ZGRC_PLIST</OBJECT>
    <DOMLEN>ZGRC_PCKLIST_NUM</DOMLEN>
    <PERCENTAGE>10.0</PERCENTAGE>
    <BUFFER>X</BUFFER>
    <NOIVBUFFER>00000001</NOIVBUFFER>
   </ATTRIBUTES>
   <TEXT>
    <LANGU>E</LANGU>
    <OBJECT>ZGRC_PLIST</OBJECT>
    <TXT>Number Range Object for Picklist</TXT>
    <TXTSHORT>Number Range Obje...</TXTSHORT>
   </TEXT>
  </asx:values>
 </asx:abap>
</abapGit>
